tar,414K
libacl.so.1.1.0,31K
libattr.so.1.1.0,19K
libblkid.so.1.1.0,305K
libbsd.so.0.8.7,79K
libbz2.so.1.0.4,66K
libcom_err.so.2.1,14K
libcrypt-2.27.so,39K
libc-2.27.so,2.0M
libdbus-1.so.3.19.4,307K
libdl-2.27.so,15K
libexpat.so.1.6.7,199K
libgcc_s.so.1,95K
libgpg-error.so.0.22.0,83K
libidn.so.11.6.16,203K
libkeyutils.so.1.5,14K
liblzma.so.5.2.2,151K
libmount.so.1.1.0,333K
libm-2.27.so,1.7M
libnl-3.so.200.24.0,127K
libnl-genl-3.so.200.24.0,24K
libnsl-2.27.so,95K
libnss_compat-2.27.so,39K
libnss_files-2.27.so,47K
libnss_nis-2.27.so,47K
libpcre.so.3.13.3,454K
libpthread-2.27.so,142K
libresolv-2.27.so,99K
librt-2.27.so,31K
libseccomp.so.2.4.3,303K
libselinux.so.1,152K
libsystemd.so.0.21.0,525K
libtinfo.so.5.9,167K
libudev.so.1.6.9,119K
libutil-2.27.so,11K
libuuid.so.1.3.0,27K
libwrap.so.0.7.6,39K
libz.so.1.2.11,115K
apt-get,43K
enscript,275K
evince,432K
gedit,10K
gimp-2.8,5.8M
perl,2.1M
scp,99K
vim.basic,2.6M
vlc,14K
wireshark,8.1M
libgimpbase-2.0.so.0.800.22,102K
libgimpcolor-2.0.so.0.800.22,50K
libgimpconfig-2.0.so.0.800.22,66K
libgimpmath-2.0.so.0.800.22,22K
libgimpmodule-2.0.so.0.800.22,18K
libgimpthumb-2.0.so.0.800.22,38K
libenchant_aspell.so,9.9K
libenchant_hspell.so,55K
libenchant_ispell.so,51K
libenchant_myspell.so,22K
libpixbufloader-png.so,23K
libpixbufloader-svg.so,11K
libgedit.so,890K
libdocinfo.so,34K
libfilebrowser.so,188K
libmodelines.so,26K
libspell.so,26K
libtime.so,47K
libdconfsettings.so,52K
libgiognomeproxy.so,18K
libgiognutls.so,122K
libgiolibproxy.so,14K
libgioremote-volume-monitor.so,114K
libgvfsdbus.so,207K
im-ibus.so,31K
libgvfscommon.so,242K
libapt-pkg.so.5.0.2,1.8M
libapt-private.so.0.0.0,399K
libaspell.so.15.2.0,667K
libasyncns.so.0.3.1,22K
libatk-1.0.so.0.22810.1,150K
libatk-bridge-2.0.so.0.0.0,194K
libatspi.so.0.0.1,191K
libbabl-0.1.so.0.143.1,307K
libcairo-gobject.so.2.11510.0,34K
libcairo.so.2.11510.0,1.2M
libcares.so.2.2.0,70K
libcroco-0.6.so.3.0.1,235K
libdatrie.so.1.3.3,26K
libdbus-glib-1.so.2.3.4,154K
libdouble-conversion.so.1.0,67K
libenchant.so.1.6.0,46K
libepoxy.so.0.0.0,1.1M
libevview3.so.3.0.0,346K
libFLAC.so.8.3.0,474K
libfontconfig.so.1.10.1,276K
libfreetype.so.6.15.0,719K
libgdk-3.so.0.2200.30,981K
libgdk_pixbuf-2.0.so.0.3611.0,144K
libgdk-x11-2.0.so.0.2400.32,724K
libgegl-0.3.so.0.330.0,650K
libgio-2.0.so.0.5600.4,1.7M
libgirepository-1.0.so.1.0.0,208K
libGLdispatch.so.0.0.0,599K
libglib-2.0.so.0.5600.4,1.1M
libGL.so.1.0.0,555K
libgmodule-2.0.so.0.5600.4,14K
libgmp.so.10.3.2,515K
libgnome-desktop-3.so.17.0.0,240K
libgpm.so.2,22K
libgraphite2.so.3.0.1,179K
libgspell-1.so.1.3.0,143K
libgstbase-1.0.so.0.1405.0,469K
libgstreamer-1.0.so.0.1405.0,1.3M
libgthread-2.0.so.0.5600.4,5.9K
libgtk-3.so.0.2200.30,7.1M
libgtksourceview-3.0.so.1.8.0,643K
libgtk-x11-2.0.so.0.2400.32,4.3M
libharfbuzz.so.0.10702.0,631K
libhogweed.so.4.4,207K
libhunspell-1.6.so.0.0.1,445K
libibus-1.0.so.5.0.517,410K
libicudata.so.60.2,26M
libicui18n.so.60.2,2.7M
libicuuc.so.60.2,1.8M
libidn2.so.0.3.3,114K
libjbig.so.0,57K
libjpeg.so.8.1.2,415K
libk5crypto.so.3.1,195K
libkpathsea.so.6.2.3,87K
libkrb5.so.3.3,857K
libkrb5support.so.0.1,43K
liblcms2.so.2.0.8,349K
liblua5.2.so.0.0.0,199K
liblz4.so.1.7.1,111K
libnettle.so.6.4,215K
libnghttp2.so.14.15.2,150K
libnl-route-3.so.200.24.0,458K
libnspr4.so,234K
libnss3.so,1.3M
libnssutil3.so,187K
libogg.so.0.8.2,34K
liborc-0.4.so.0.28.0,497K
libp11-kit.so.0.3.0,1.2M
libpango-1.0.so.0.4000.14,306K
libpangocairo-1.0.so.0.4000.14,50K
libpangoft2-1.0.so.0.4000.14,86K
libpaper.so.1.1.2,16K
libpcap.so.1.8.1,260K
libpeas-1.0.so.0.2200.0,82K
libpeas-gtk-1.0.so.0.2200.0,54K
libpixman-1.so.0.34.0,659K
libplc4.so,19K
libplds4.so,15K
libpng16.so.16.34.0,198K
libpoppler.so.73.0.0,2.6M
libproxy.so.1.0.0,127K
libpulse.so.0.20.2,319K
libpython3.6m.so.1.0,4.5M
libQt5Core.so.5.9.5,5.3M
libQt5Multimedia.so.5.9.5,1.1M
libQt5Network.so.5.9.5,1.6M
libQt5Widgets.so.5.9.5,6.3M
librsvg-2.so.2.40.20,223K
libsbc.so.1.2.1,75K
libsecret-1.so.0.0.0,318K
libsmime3.so,177K
libsmi.so.2.0.27,364K
libsnappy.so.1.1.7,31K
libsndfile.so.1.0.28,477K
libspandsp.so.2.0.0,787K
libstdc++.so.6.0.25,1.6M
libtasn1.so.6.5.5,74K
libthai.so.0.3.0,37K
libtiff.so.5.3.0,475K
libunistring.so.2.1.0,1.5M
libvlccore.so.9.0.0,1.1M
libvlc.so.5.6.0,150K
libvorbisenc.so.2.0.11,675K
libvorbis.so.0.4.8,171K
libwayland-client.so.0.3.0,60K
libwayland-cursor.so.0.0.0,31K
libwayland-egl.so.1.0.0,5.9K
libwireshark.so.11.1.10,78M
libwiretap.so.8.0.10,450K
libwscodecs.so.2.0.0,27K
libwsutil.so.9.0.0,123K
libX11.so.6.3.0,1.3M
libXau.so.6.0.0,15K
libxcb-render.so.0.0.0,51K
libxcb-shm.so.0.0.0,11K
libxcb.so.1.1.0,159K
libXcomposite.so.1.0.0,11K
libXcursor.so.1.0.2,39K
libXdamage.so.1.1.0,11K
libXdmcp.so.6.0.0,23K
libXext.so.6.4.0,72K
libXfixes.so.3.1.0,23K
libXinerama.so.1.0.0,11K
libXi.so.6.1.0,63K
libxkbcommon.so.0.0.0,251K
libxml2.so.2.9.4,1.8M
libXrandr.so.2.2.0,43K
libXrender.so.1.3.0,39K
libzstd.so.1.3.3,490K
libpulsecommon-11.1.so,503K
